CCN,Penalty,SCR
010001,N,6.575
010005,N,1.975
010006,N,5
010007,N,7
010008,N,6
010011,N,4.9
010012,N,3.8
010016,N,3.7
010018,N,6
010019,N,1.7
010021,Y,8
010022,N,5
010023,N,3.95
010024,N,5.6
010025,N,4.35
010029,Y,8.275
010032,N,5
010033,Y,7.675
010034,N,3
010035,N,2.35
010036,N,6
010038,N,2.4
010039,Y,8.325
010040,N,4.4
010044,N,4
010045,Y,8
010046,N,5.875
010047,N,6
010049,N,2
010051,N,7
010052,N,6
010054,N,1.7
010055,N,6.325
010056,N,2.95
010058,N,7
010059,N,5
010061,Y,9.3
010062,N,4
010065,N,3.45
010069,N,3
010073,N,5
010078,Y,7.4
010079,N,5.6
010083,N,4.1
010085,N,6
010086,N,4
010087,Y,7.725
010089,N,5.1
010090,N,5.425
010091,N,5
010092,N,6.725
010095,N,7
010097,N,6
010099,N,6
010100,N,6.75
010101,Y,9
010102,N,7
010103,N,5.45
010104,N,6.1
010108,N,2.05
010109,N,3
010110,N,6
010112,N,5
010113,N,5.725
010114,N,5.45
010118,N,3
010120,N,6
010125,N,4
010126,N,5.25
010128,N,6
010129,N,6
010130,N,5
010131,N,7
010138,N,6
010139,Y,8.025
010144,N,6.725
010146,N,6
010148,N,5
010149,N,3.6
010150,N,4
010157,N,4.3
010158,Y,10
010164,N,3.8
010168,N,4
010169,N,7
020001,Y,8.05
020006,N,6.75
020008,N,3
020012,Y,9
020017,Y,8.95
020018,N,6
020024,N,4
020026,Y,9
020027,N,7
030001,N,3.8
030002,N,6.975
030006,Y,9.35
030007,N,3.45
030010,N,6.675
030011,N,5.675
030012,N,5.075
030013,N,4.325
030014,N,5.55
030016,N,4.775
030022,Y,9.35
030023,N,5.95
030024,Y,8.05
030030,N,6.075
030033,N,1
030036,N,2.025
030037,N,5.775
030038,N,5.925
030043,N,4.6
030055,N,5.125
030061,N,2.975
030062,N,6.675
030064,Y,8.025
030065,N,6
030068,N,4
030069,N,1
030071,N,3
030073,N,4
030074,Y,8.95
030077,N,7
030078,Y,10
030083,N,4.775
030084,N,4
030085,Y,7.675
030087,N,6.95
030088,N,6.975
030089,N,5.625
030092,Y,7.075
030093,N,3.95
030094,Y,7.025
030101,N,3.975
030103,N,2.325
030105,N,3.6
030107,N,2
030108,N,1
030110,N,4.725
030111,N,4.475
030112,Y,8
030113,N,6
030114,N,3.375
030115,N,1.7
030117,N,1.35
030118,N,3
030119,Y,9.025
030120,N,4
030121,Y,7.725
030122,N,6.75
030123,N,5.925
030130,Y,9
030131,N,1
030132,Y,8
040001,N,3
040002,N,5
040004,N,6.225
040007,N,4.325
040010,Y,7.4
040011,Y,9
040014,N,6.25
040015,N,6
040016,Y,7.725
040017,Y,8
040018,Y,10
040019,N,3
040020,Y,9.325
040022,N,3.35
040026,N,3.625
040027,N,3.6
040029,N,4.9
040036,Y,7.95
040039,N,3.45
040041,N,4
040042,N,5.65
040047,N,6
040050,N,2.05
040051,N,4
040055,N,4.7
040062,N,2.975
040067,N,4
040069,N,4
040071,N,3.625
040072,N,7
040074,N,3.65
040076,N,3
040078,N,5.55
040080,N,5
040084,N,3.925
040085,N,4
040088,N,3.275
040114,N,6.25
040118,N,4.275
040119,Y,8.375
040134,N,3.925
040137,N,3.1
040147,N,1
040152,Y,9
040153,N,6
050002,N,5.025
050006,N,2.975
050007,N,6.1
050008,N,4.45
050009,Y,9.65
050013,Y,7.7
050014,N,2.75
050017,N,4.125
050018,N,1
050022,N,6.275
050024,N,4.9
050025,Y,7.6
050026,N,5.125
050028,N,1.7
050030,N,5.675
050036,N,6.725
050038,N,6.4
050039,N,4.8
050040,N,6.3
050042,N,1
050043,N,4.675
050045,Y,7.9
050046,Y,8
050047,N,3.675
050054,N,4.75
050055,N,4.425
050056,Y,7.725
050057,N,4.775
050058,N,3.95
050060,Y,8.7
050063,N,5.675
050067,N,4
050069,Y,7.675
050070,N,3.725
050071,N,5.075
050072,N,4.95
050073,Y,8.975
050075,N,6.7
050076,N,6.05
050077,Y,8.275
050078,N,6.35
050079,Y,8
050082,N,5.75
050084,N,3.325
050089,N,6.9
050090,N,7
050091,N,4.6
050093,Y,7.325
050096,N,6
050099,Y,7.025
050100,Y,7.075
050101,N,6.05
050102,N,5.575
050103,Y,7.9
050104,N,6.575
050107,N,3.95
050108,N,2.95
050110,N,1
050111,N,1.35
050112,N,6.375
050113,N,4
050115,N,6.3
050116,N,5.925
050118,N,2.4
050121,N,6.3
050122,Y,7.4
050124,N,5.375
050125,N,6.1
050126,N,4.925
050127,N,4.725
050128,Y,7.025
050129,N,4.925
050131,N,3
050132,Y,8.325
050133,Y,8.05
050135,N,4.6
050136,N,2
050137,N,5.675
050138,N,4.625
050139,N,4.675
050140,N,4.45
050145,N,4.75
050149,N,4.675
050150,N,1
050152,N,4.4
050153,N,3.35
050158,N,3
050159,Y,9.675
050167,N,5.7
050168,N,4.95
050169,N,5.4
050174,N,5.05
050179,Y,9.65
050180,Y,8.65
050189,N,7
050191,N,1.975
050192,N,7
050194,Y,8
050195,N,6.3
050196,N,7
050197,N,2.325
050204,N,2.05
050205,N,3
050211,N,1.35
050222,N,4.3
050224,N,5.7
050225,N,4.425
050226,Y,7.725
050228,Y,7.4
050230,N,6.85
050231,N,5.875
050232,N,5.25
050234,N,3.8
050235,N,5.875
050236,Y,7.2
050238,N,4.575
050239,N,5.3
050242,N,6.225
050243,N,3.35
050245,N,6.725
050248,Y,8.95
050254,N,3.625
050257,N,4
050261,Y,9.3
050262,Y,8.7
050272,N,3
050276,Y,7.075
050278,Y,8.7
050279,Y,8.25
050280,N,2.625
050281,N,1.35
050283,N,2.625
050289,Y,7.675
050290,N,6.025
050291,N,2.05
050292,N,6.3
050295,N,2.35
050296,N,2.4
050298,N,2
050300,N,5.05
050301,N,7
050305,Y,7.4
050308,N,5.05
050309,N,5.75
050313,N,3
050315,Y,7.025
050320,N,5.45
050324,N,6.95
050327,Y,8.375
050329,N,1.35
050334,N,5.625
050335,N,6.7
050336,N,4
050342,N,3.025
050348,N,6.7
050350,N,6.675
050351,Y,7.375
050352,Y,10
050353,N,4.9
050357,N,4
050359,N,5.725
050360,Y,8.05
050367,N,6.975
050373,N,6.425
050376,Y,8.7
050378,Y,7.55
050380,Y,7.4
050382,N,6.7
050385,N,3
050390,Y,7.675
050393,Y,7.325
050394,N,2.75
050396,N,5.75
050397,N,7
050407,N,6
050411,N,3.4
050414,N,6.075
050417,N,2.75
050423,N,4
050424,Y,9.675
050425,N,4.6
050426,N,1
050434,N,6
050435,N,6
050438,N,6.75
050441,N,6.4
050444,N,6.375
050454,N,4.575
050455,N,7
050457,N,3.3
050464,N,5.05
050468,N,5.275
050471,Y,7.025
050481,N,6.25
050485,Y,8.375
050488,N,6.7
050492,Y,8.375
050496,Y,7.975
050498,N,5.125
050502,N,4.975
050503,Y,8.975
050506,N,3.65
050510,N,6.7
050512,Y,7.075
050515,N,3.025
050516,N,6.075
050517,Y,7.2
050523,N,5.4
050526,N,3.925
050528,N,5
050534,N,2
050537,Y,9
050541,Y,8.65
050543,N,7
050545,Y,8.95
050546,Y,8.95
050547,N,7
050548,Y,8.95
050549,Y,7.375
050551,N,4.75
050552,Y,8
050557,N,5.775
050561,N,5.575
050567,N,6.75
050568,Y,8.6
050570,N,4.975
050573,N,4
050575,N,2.3
050580,N,3.6
050581,N,3.675
050586,N,1
050588,N,2.05
050589,N,6
050590,N,4.1
050597,N,4.975
050599,Y,7.4
050603,Y,7.675
050604,N,6.075
050608,N,4.15
050609,N,5.275
050616,N,3.45
050618,N,6
050624,N,6.1
050625,N,6.4
050633,Y,8.675
050636,Y,7.7
050641,N,6.95
050663,N,1.975
050668,N,7
050674,N,5.375
050677,N,6.025
050678,N,6.05
050684,N,6.525
050686,N,3.325
050688,N,4.4
050689,N,3.45
050690,N,4
050696,Y,8.7
050697,N,5
050701,N,3.4
050704,Y,8.25
050708,Y,8
050709,N,1
050710,N,1.7
050714,Y,10
050717,Y,8.3
050723,N,7
050724,N,4.95
050726,Y,8
050727,N,2.35
050732,N,3.3
050735,N,6.35
050736,N,2.05
050737,Y,7.225
050738,N,1.7
050739,N,3.6
050740,N,2.4
050742,Y,7.4
050744,N,6.9
050745,Y,8
050746,Y,9
050747,Y,8.675
050748,N,3.375
050751,N,6
050754,N,6
050755,N,5.875
050757,N,3.275
050758,N,4
050760,Y,9.65
050761,N,6.375
050763,N,4.325
050764,N,2.3
050765,N,3.1
050766,N,4
050767,N,6.725
050769,N,5
050770,N,6.525
050771,N,3.65
050772,N,3.05
050773,N,3
060001,N,2.05
060003,N,3.65
060004,N,4.15
060006,Y,9
060008,N,3
060009,Y,7.025
060010,N,2.35
060011,N,6.075
060012,Y,8.025
060013,N,6.575
060014,Y,7.675
060015,Y,7.725
060016,N,2
060020,Y,7.075
060022,Y,7.375
060023,N,6.75
060024,Y,7.725
060027,N,3.8
060028,N,4.025
060030,N,3.8
060031,N,5.9
060032,Y,7.075
060034,Y,8.05
060036,N,5
060043,N,7
060044,N,2
060049,N,2
060054,Y,8
060064,N,6.075
060065,N,6.7
060071,N,2.05
060075,N,5
060076,Y,8
060096,Y,8
060100,Y,8.025
060103,N,3.45
060104,N,6.4
060107,N,7
060112,N,6.725
060113,Y,7.025
060114,N,4.1
060116,N,5.6
060117,N,4
060118,N,4
060119,N,4.025
060124,Y,8
070002,N,6.675
070003,N,2
070004,N,5
070005,Y,9.675
070006,Y,8.7
070007,N,4.625
070008,Y,7.95
070010,Y,8.375
070011,N,6.525
070012,N,6.075
070015,N,1
070016,N,6.05
070017,N,3.1
070018,N,6.65
070019,N,6.075
070020,N,5.325
070021,Y,7.9
070022,Y,8.025
070024,N,5.575
070025,Y,9.025
070027,N,6.725
070028,N,5.65
070029,N,3.4
070031,N,4.275
070033,Y,10
070034,Y,7.025
070035,Y,7.075
070036,Y,8.375
070038,Y,8.95
070039,N,6
070040,N,7
080001,N,6.625
080003,N,5.25
080004,N,6.9
080006,N,5.725
080007,N,3.7
080009,N,2.625
090001,Y,8.975
090003,N,5.925
090004,Y,7.725
090005,N,6.65
090006,Y,7.3
090008,N,5.725
090011,Y,8.375
100001,Y,8.7
100002,N,3.975
100006,N,6.05
100007,N,6.375
100008,Y,7.025
100009,N,4.475
100012,Y,8.05
100014,N,3.725
100017,N,6.55
100018,N,3
100019,N,5.4
100022,Y,7.4
100023,N,7
100025,N,6.925
100026,N,3.6
100028,N,1
100029,Y,7.2
100030,N,2.95
100032,N,6.425
100034,N,6.4
100035,Y,7.575
100038,N,5.75
100039,Y,7.7
100040,N,4.25
100043,N,5.325
100044,N,4.75
100045,N,4.7
100046,N,3.1
100047,N,3.625
100048,N,6
100049,Y,7.025
100050,N,4.25
100051,Y,8.375
100052,N,5.35
100053,N,4.575
100054,N,3.95
100055,N,2.05
100057,N,6.725
100062,N,3.6
100063,Y,8
100067,Y,7.375
100068,N,6.225
100069,Y,7.025
100070,Y,10
100071,N,6.6
100072,N,3.375
100073,N,3.625
100075,Y,7.05
100076,N,6.2
100077,N,6.075
100080,N,5.025
100081,N,5
100084,N,6.6
100086,N,3.725
100087,Y,7.55
100088,N,5.325
100090,N,5.075
100092,N,6.9
100093,N,5.575
100099,N,4.05
100102,N,3.1
100105,N,6
100106,N,3
100107,Y,8.25
100109,N,3.65
100110,N,3.95
100113,N,4
100117,N,4.35
100118,N,5.075
100121,Y,7.625
100122,N,4.65
100124,N,3.4
100125,N,1.7
100126,Y,7.025
100127,N,6.4
100128,Y,7.725
100130,N,3.1
100131,N,3.975
100132,N,4.575
100134,Y,8.95
100135,N,2.95
100137,Y,8.05
100140,N,1
100142,N,2
100150,N,5.1
100151,N,5.275
100154,N,5.975
100156,N,2.4
100157,N,5.875
100161,Y,7.225
100166,N,6.275
100167,N,5.975
100168,N,4.65
100173,N,5.275
100175,N,2.4
100176,N,4.775
100177,N,4.1
100179,Y,7.675
100180,Y,7.55
100181,N,1.35
100183,N,4.25
100187,Y,7.625
100189,N,6.875
100191,Y,7.025
100200,N,6.575
100204,N,6.2
100206,N,3.725
100209,Y,8.3
100211,N,3.65
100212,N,3.625
100213,N,4.35
100217,N,5.6
100220,Y,9.35
100223,N,4.675
100224,N,6
100226,N,5.875
100228,N,6.275
100230,N,5.6
100231,N,5.575
100232,N,6.2
100234,N,4.6
100236,N,5.675
100238,N,6.925
100239,N,3.65
100240,N,6
100242,N,3.375
100243,N,6.25
100244,Y,7.725
100246,N,3
100248,N,3.8
100249,N,4.025
100252,N,1
100253,N,6.425
100254,N,6.975
100255,N,6.4
100256,N,4.575
100258,N,1.975
100259,Y,7.075
100260,N,2.4
100264,N,3.325
100265,N,5.675
100266,N,3.6
100267,N,1
100268,N,4.925
100269,N,4
100275,N,5.225
100276,Y,8.975
100277,N,7
100281,N,6.025
100284,N,1.35
100285,N,5.025
100286,N,4.625
100287,N,4.65
100288,N,4.675
100289,N,1.7
100290,N,5.6
100291,N,6.325
100292,N,1
100296,N,6.4
100298,Y,10
100299,N,1.35
100302,N,6.725
100307,N,5
100313,N,5
100314,N,4.45
100315,N,3.45
100316,N,4.75
100319,N,3.45
110001,N,6.675
110002,N,2
110003,Y,7.65
110004,Y,10
110005,N,5.4
110006,N,2
110007,N,5.875
110008,N,4.45
110010,Y,7.675
110011,N,1.65
110015,N,6
110016,N,1.65
110018,N,3.65
110023,N,1
110024,Y,8.675
110025,N,5.575
110026,N,7
110027,N,2
110028,N,5.25
110029,N,3.95
110030,Y,7.05
110031,N,5.55
110032,N,6.75
110034,Y,7.4
110035,Y,8.675
110036,Y,7.725
110038,N,4.625
110039,N,6.625
110040,N,6
110041,N,7
110042,N,7
110043,N,5.675
110044,N,4
110045,N,3
110046,N,3.8
110050,N,5
110051,Y,9
110054,N,3.6
110064,N,4.9
110069,N,2.65
110071,N,4
110073,N,5
110074,Y,7.7
110075,N,3.4
110076,N,4.925
110078,Y,8.7
110079,Y,9.025
110082,Y,7.4
110083,Y,9.35
110086,N,4
110087,N,5.9
110089,N,4.65
110091,N,4.275
110092,N,3
110095,N,4.425
110100,N,6
110101,N,6
110104,Y,8.05
110105,N,5.675
110107,N,5.325
110109,N,6
110111,N,2
110113,N,6
110115,Y,7.05
110121,N,3
110122,N,6.325
110124,N,1.7
110125,N,6.2
110128,Y,8.3
110129,N,1.975
110130,Y,9
110132,N,2
110135,Y,8
110142,N,5
110143,Y,9
110146,N,4
110150,N,4.95
110153,N,5
110161,N,6.75
110164,N,6.725
110165,Y,7.375
110168,N,5.875
110177,Y,7.725
110183,N,2
110184,N,4.75
110186,Y,9
110187,N,2
110189,N,6
110190,N,6
110191,Y,7.925
110192,N,5.3
110194,N,4
110198,N,4
110200,N,3
110201,N,6.35
110203,N,6
110205,N,3
110209,N,5
110215,N,5.675
110225,N,4
110226,Y,7.725
110229,N,4.7
110230,N,5.25
110233,N,6
120001,N,4.325
120002,Y,7.05
120004,N,4.625
120005,N,1.35
120006,N,3.8
120007,N,6.75
120011,N,3.05
120014,N,2
120019,Y,8.25
120022,N,2.95
120026,N,4.65
120028,N,3
130002,N,3.625
130003,N,6.05
130006,N,5.725
130007,Y,7.4
130013,N,3.45
130014,N,3.45
130018,N,4.275
130025,Y,9
130028,Y,9.65
130049,N,5.325
130063,N,5
130065,N,3
130066,N,3
130067,N,7
140001,N,1
140002,N,2.7
140007,N,4.575
140008,N,5.275
140010,Y,8.05
140011,N,2.325
140012,N,5
140013,N,3.1
140015,N,6.1
140018,N,5.375
140019,N,6
140026,N,1.975
140029,N,5.45
140030,N,3.6
140032,Y,7.05
140034,N,3.8
140040,N,4
140043,N,1
140046,N,5.55
140048,N,4.625
140049,N,3.3
140052,N,3.45
140053,Y,7.7
140054,Y,7.625
140058,N,1
140059,N,6
140062,N,5.375
140063,N,6.525
140064,N,2.4
140065,N,5.075
140067,N,6.75
140068,N,3.95
140077,N,5
140080,N,5.625
140082,N,6.4
140083,Y,7.35
140084,N,5.625
140088,N,5.7
140089,Y,8
140091,Y,8.65
140093,N,3.3
140095,N,6.75
140100,N,6.25
140101,N,1
140103,N,5.35
140110,Y,9
140113,N,4.6
140114,N,2.325
140115,N,6.9
140116,N,4.9
140117,N,1.975
140118,N,3.05
140119,Y,8.675
140120,N,3
140122,N,6.975
140124,Y,7.4
140125,N,4.6
140127,Y,8.35
140130,N,5.325
140133,Y,7.7
140135,N,6.9
140137,N,4
140143,N,5
140145,N,3
140147,Y,9
140148,N,5.7
140150,Y,8.7
140155,N,4.575
140158,Y,8.65
140160,Y,9
140161,Y,8
140162,N,4.9
140164,N,4.775
140166,N,4.65
140167,Y,9
140172,Y,8.05
140174,N,3.45
140176,N,6.625
140177,N,2.05
140179,Y,7.6
140180,N,5.7
140181,N,3.925
140182,Y,7.7
140184,N,3.4
140185,N,4.925
140186,N,4.25
140187,N,6.75
140189,Y,8
140191,N,3.05
140197,N,3.1
140200,N,2
140202,N,3.6
140206,N,1.65
140208,N,4.625
140209,N,6.925
140210,N,6
140211,N,4.45
140213,N,6.225
140217,N,5.775
140223,N,4.7
140224,N,6.725
140228,N,4.75
140231,N,6.675
140233,Y,9.35
140234,N,2
140239,N,6.325
140240,N,5.325
140242,N,4.1
140250,N,2.3
140251,N,4.75
140252,N,6.875
140258,N,4.3
140275,N,6
140276,Y,7.05
140280,N,6.275
140281,Y,9.025
140286,N,5.05
140288,N,3.3
140289,Y,8.35
140290,N,4.625
140291,N,2.3
140292,N,4.95
140294,N,4
140300,N,6
140304,N,5.4
150001,N,3
150002,Y,8.625
150003,N,1.35
150004,N,6.4
150005,N,6.975
150006,N,2.65
150007,Y,7.075
150008,N,1
150009,N,2.35
150010,N,3.275
150011,N,3.95
150012,N,1.65
150015,N,2.675
150017,N,6.6
150018,N,3.75
150021,N,4.975
150022,N,3
150023,N,5.725
150024,Y,8.625
150026,N,4.775
150030,N,4.95
150034,N,3
150035,N,4.925
150037,Y,9
150038,N,6
150042,N,2.35
150044,Y,7.05
150045,N,7
150046,N,5.55
150047,N,6.35
150048,N,3.8
150051,N,4.65
150056,Y,9
150057,N,1
150058,N,5.95
150059,N,6.05
150061,N,7
150064,N,3.1
150065,N,2.4
150069,N,6.85
150072,N,5
150074,N,4.3
150075,N,6
150076,Y,9
150082,N,4.35
150084,N,6.6
150086,N,4.725
150088,N,1
150089,N,5.05
150090,Y,7.3
150091,N,4
150097,N,2
150100,N,6.025
150101,N,7
150102,N,4
150104,Y,8
150109,N,5.275
150112,N,4.8
150113,N,2.4
150115,Y,8
150125,N,4.25
150126,Y,7.55
150128,N,2.4
150129,N,4.15
150133,N,2
150146,N,7
150149,Y,8.05
150150,Y,7.65
150153,N,5.55
150154,Y,8.325
150157,N,6.85
150158,N,7
150160,N,1
150161,Y,7.575
150162,N,3.95
150163,N,6
150164,N,5
150165,Y,9
150166,N,4
150167,N,2
150168,N,2
150169,N,6.7
150172,Y,10
150173,N,4.275
150175,N,3
150176,N,4.15
150177,N,3
150179,N,7
150180,Y,8.95
150181,Y,8.95
150182,Y,10
160001,N,4
160005,N,5
160008,N,3
160013,N,3
160016,Y,9
160024,N,3.45
160028,Y,7.375
160029,N,5.025
160030,N,2.75
160032,Y,9
160033,N,2.65
160040,N,7
160045,N,3.3
160047,N,3.1
160057,N,3.8
160058,Y,7.3
160064,N,6.025
160067,N,6.075
160069,Y,7.2
160079,N,3.925
160080,N,5.65
160082,N,6.05
160083,N,6.4
160089,N,3.45
160101,N,2.75
160104,N,5.4
160110,N,2.05
160112,N,2
160117,N,1
160122,N,2
160124,N,3
160146,N,4.925
160147,Y,10
160153,N,4.125
170001,N,7
170006,N,5
170009,N,6
170010,N,7
170012,N,2.75
170013,N,5.05
170014,N,6
170016,N,3.8
170017,N,6
170020,Y,7.675
170023,N,1
170027,Y,10
170039,Y,9
170040,Y,7.4
170049,N,4.025
170058,N,6
170068,Y,9
170074,N,2
170075,N,7
170086,N,2.975
170094,N,5
170103,N,4
170104,N,2.35
170105,N,5
170109,Y,8
170110,N,7
170120,N,5
170122,N,4.575
170123,N,4.925
170133,N,7
170137,N,2
170142,N,1
170145,N,4
170146,N,1.35
170150,Y,9
170166,N,5
170175,N,4.65
170176,Y,7.4
170180,Y,10
170182,Y,8.05
170183,N,3
170185,Y,7.225
170186,N,6.925
170187,N,1
170188,N,4
170190,N,4
170191,N,1
170194,N,5
170196,N,1
170197,N,2.975
170198,N,5
170199,N,5
170200,N,6
170201,Y,10
170203,Y,10
180001,N,5.3
180002,Y,8
180004,Y,10
180005,N,4.15
180009,N,2.675
180010,N,4
180011,N,5.4
180012,N,2.35
180013,N,4.25
180016,Y,10
180017,N,6.2
180018,N,3.8
180019,N,1.35
180020,N,4
180021,N,5.9
180024,N,2.4
180025,N,4
180027,N,5.55
180029,N,1.675
180035,N,5.725
180036,N,6.7
180038,N,4.6
180040,Y,9.35
180043,N,3
180044,N,6.1
180045,Y,7.725
180046,N,5
180048,N,4.975
180049,N,4.25
180050,N,2.05
180051,N,5.875
180053,N,4
180056,N,3.625
180064,Y,10
180066,N,3
180067,Y,7.3
180069,N,2.05
180070,N,6
180078,N,1.7
180079,N,5
180080,N,5.6
180087,N,5.35
180088,Y,7.025
180092,N,2.4
180093,N,4
180095,N,5
180101,Y,7.05
180102,Y,7.7
180103,N,3.95
180104,Y,7.225
180105,N,4
180106,N,4
180115,N,7
180116,N,6.95
180117,N,4
180124,N,6.2
180127,N,2.975
180128,N,6.6
180130,Y,7.3
180132,N,5.675
180138,Y,8
180139,N,2
180141,Y,7.95
180143,N,5.4
180149,N,5
190001,N,5
190002,N,6.225
190003,N,2.05
190004,N,3.275
190005,Y,8.7
190006,Y,7.65
190007,N,5.9
190008,N,4.95
190009,Y,8
190011,N,5.625
190013,N,2.75
190014,N,2.75
190015,N,2.3
190017,N,4.975
190019,Y,8.325
190020,N,3.45
190025,N,1.35
190026,N,5.75
190027,N,5.975
190034,Y,7.6
190036,N,5.375
190039,N,5.325
190040,N,6.1
190041,N,5.375
190044,N,2.4
190045,N,6.375
190046,N,6.35
190050,Y,9
190053,N,3
190054,N,1
190060,Y,7.3
190064,Y,7.075
190065,N,5.9
190079,N,4
190081,N,6
190086,N,2.75
190088,N,4
190090,N,5
190098,Y,7.725
190099,N,2
190102,N,4.975
190106,N,3
190111,Y,8.025
190114,N,3
190116,N,3
190118,N,5
190125,N,4.575
190128,N,7
190133,N,7
190140,N,5
190144,N,3.975
190145,N,6
190146,N,5.25
190151,N,5
190160,N,6.7
190164,N,1.35
190167,N,5.325
190175,N,2
190176,Y,10
190177,N,6.575
190183,Y,9.65
190184,N,6
190190,N,6
190199,N,7
190201,Y,9.65
190202,N,3.675
190204,Y,7.275
190205,N,5.275
190208,N,6
190218,N,6
190236,N,3.275
190241,N,4
190242,N,6
190245,Y,9
190246,N,3
190250,N,2.675
190251,N,6
190255,N,7
190256,N,7
190257,N,3
190259,N,4
190261,N,6
190263,N,6.85
190266,N,5
190267,N,5
190268,N,7
190270,N,3
190274,N,1.675
190278,N,3
190297,N,5
190298,N,1
190300,Y,8.95
190302,Y,10
190303,N,3
190304,N,7
190307,N,7
190308,N,6
200001,N,4
200002,N,3
200008,Y,8
200009,Y,10
200018,N,6
200019,N,1
200020,N,4
200021,N,5.65
200024,N,5.725
200025,N,4
200031,N,2.4
200033,Y,7.35
200034,Y,9.025
200037,N,3
200039,Y,8.375
200040,N,3
200041,Y,8
200050,N,4
200052,N,4
200063,N,1
210001,N.A.,7
210002,N.A.,9
210003,N.A.,4
210004,N.A.,5.5
210005,N.A.,9.5
210006,N.A.,8
210008,N.A.,9
210009,N.A.,7
210011,N.A.,2.5
210012,N.A.,9.5
210013,N.A.,4.5
210015,N.A.,3.5
210016,N.A.,3.5
210018,N.A.,1
210019,N.A.,7
210022,N.A.,8
210023,N.A.,10
210024,N.A.,4
210027,N.A.,3
210028,N.A.,5.5
210029,N.A.,4.5
210030,N.A.,10
210032,N.A.,1
210033,N.A.,2
210034,N.A.,1
210035,N.A.,7
210037,N.A.,10
210038,N.A.,1
210039,N.A.,1
210040,N.A.,7
210043,N.A.,10
210044,N.A.,6.5
210048,N.A.,7
210049,N.A.,6.5
210051,N.A.,4
210055,N.A.,8
210056,N.A.,4
210057,N.A.,8
210058,N.A.,10
210061,N.A.,10
210062,N.A.,10
210063,N.A.,10
220001,N,4.925
220002,Y,7.075
220008,N,6.05
220010,N,3.05
220011,N,4.675
220012,N,5.6
220015,N,5.325
220016,N,1
220017,N,4.15
220019,N,5.65
220020,N,3.95
220024,Y,7.075
220029,N,4.7
220030,N,2
220031,Y,7.4
220033,N,1.35
220035,Y,8.975
220036,N,6.35
220046,N,2
220049,N,3.3
220050,N,4
220051,N,5
220052,N,1
220058,N,6
220060,Y,8.35
220062,N,4
220063,N,3.275
220065,N,4
220066,Y,8
220067,N,5
220070,N,6.075
220071,N,6.925
220073,N,3.375
220074,N,5.225
220075,N,5
220077,N,5.55
220080,N,3.8
220082,Y,7.375
220083,N,4.95
220084,N,6.375
220086,Y,8.7
220088,N,5.225
220090,N,3.4
220095,N,6.05
220098,N,2
220100,N,2.625
220101,N,3.05
220105,N,5.075
220108,N,5
220110,Y,7.4
220111,N,4.275
220116,Y,7.725
220119,N,5.225
220126,N,6.9
220135,N,6.4
220163,N,7
220171,Y,7.725
220172,Y,10
220174,N,1.35
220175,N,3.275
220176,N,5.65
220177,N,6
230002,N,2.3
230003,N,4
230004,N,3.35
230005,N,1.35
230013,N,4
230015,N,6
230017,N,5.775
230019,N,5.7
230020,Y,8.65
230021,N,6.55
230022,N,1
230024,N,6.1
230029,N,6.05
230030,N,1
230031,Y,7.7
230035,Y,9
230036,N,6.05
230037,N,3.8
230038,Y,9.025
230040,N,4
230041,N,6.525
230046,N,4.575
230047,Y,7.725
230053,Y,7.4
230054,N,4.05
230055,N,3
230058,N,5
230059,Y,7.4
230066,N,3.45
230069,Y,8.6
230070,N,5.425
230071,N,6
230072,N,4.6
230075,Y,7.65
230077,N,5.45
230078,N,5
230080,N,2.95
230081,Y,10
230085,N,5
230089,Y,7.35
230092,N,3.275
230093,N,6
230095,N,4.6
230096,N,7
230097,N,2
230099,Y,8.7
230100,N,2
230104,N,6.725
230105,N,5.6
230106,N,4
230108,Y,8
230110,N,3
230117,Y,8.675
230118,N,7
230121,N,7
230130,N,6.425
230132,Y,8.35
230133,N,2
230141,Y,8.05
230142,N,7
230144,Y,7.2
230146,N,5.275
230151,N,5.75
230156,N,6.75
230165,Y,7.325
230167,Y,8.275
230174,N,5
230176,Y,9
230180,Y,10
230193,N,2
230195,N,5.35
230197,N,6.75
230207,N,4.075
230208,Y,10
230216,N,4.325
230217,N,3
230222,N,3.35
230227,N,6.725
230230,N,3.3
230236,N,5.1
230239,N,2.05
230241,N,5
230244,N,6.3
230254,Y,7.375
230259,N,1
230264,N,7
230269,N,3.65
230270,N,4.6
230273,N,6.425
230275,N,7
230277,Y,7.35
230279,N,7
230297,N,6.075
230301,N,6
230302,N,4.8
240001,N,6.325
240002,N,6.075
240004,Y,9.025
240006,Y,8
240010,N,5.625
240014,N,4
240018,N,2
240019,Y,7.95
240020,Y,9
240022,N,3
240030,N,3.45
240036,N,6.625
240038,Y,7.2
240040,N,3
240043,N,3
240044,N,5.4
240047,N,6.425
240050,N,5
240052,N,3
240053,N,6.05
240056,N,5.75
240057,N,6.225
240059,N,2
240061,N,3.275
240063,N,5
240064,N,3
240066,N,3
240069,N,4
240071,N,7
240075,Y,8
240076,N,3
240078,N,3.025
240080,Y,7.4
240084,N,2.4
240088,N,4
240093,N,4.15
240100,Y,8.95
240101,N,3
240104,N,3
240106,Y,7.375
240115,N,5.225
240132,N,5.225
240141,Y,8
240166,Y,8
240187,N,7
240196,N,6
240206,N,7
240207,N,4.675
240210,N,2.7
240213,N,6
240214,N,5
250001,Y,8.05
250002,N,5
250004,N,5.225
250006,N,5
250007,N,5.4
250009,N,6.725
250010,N,6
250012,N,6
250015,N,3.8
250017,N,6
250018,Y,8.95
250019,N,4.675
250020,N,5
250025,N,4
250027,N,6
250031,N,6.55
250034,Y,7.2
250036,N,5
250038,N,5
250040,N,5.575
250042,N,3.1
250043,N,6
250044,N,2.05
250048,N,6.95
250049,N,5
250050,Y,7.55
250051,N,7
250057,N,3
250058,Y,8.975
250059,N,5
250060,N,7
250061,N,6
250067,N,4
250069,N,6.3
250072,N,3.65
250077,N,3.1
250078,N,4.925
250079,N,7
250081,Y,8
250082,Y,7.2
250084,N,1.35
250085,N,5
250093,Y,9
250094,N,4.8
250095,N,5
250096,Y,8.05
250097,N,5.975
250099,N,4.6
250100,N,3.95
250102,N,6.55
250104,N,3.95
250117,Y,8
250122,N,1
250123,N,6.425
250124,N,7
250126,N,5
250127,Y,8.95
250128,N,4
250134,N,7
250136,N,7
250138,N,5.65
250141,Y,9.35
250151,N,7
250152,Y,10
250162,N,2
260001,N,6.575
260004,N,7
260005,N,6.925
260006,N,3.95
260009,N,4.75
260011,N,4.9
260015,N,3.45
260017,Y,10
260020,N,5.75
260022,N,1.975
260023,N,4.3
260024,Y,9
260025,N,6.25
260027,Y,8.35
260032,Y,7.4
260034,N,6
260040,N,4.575
260047,N,6.225
260048,Y,9.025
260050,N,6
260052,N,5.1
260057,N,3
260059,N,3
260061,N,4
260062,N,5.35
260064,N,3
260065,N,4.375
260068,N,3.375
260070,N,1.7
260074,N,2
260077,N,5.425
260078,N,6.1
260080,N,7
260081,N,5.35
260085,N,2.35
260091,N,4.375
260094,Y,7.25
260095,Y,8.325
260096,N,4.275
260097,N,5
260102,N,7
260104,N,5.725
260105,Y,7.4
260108,N,6.95
260110,Y,8.65
260113,N,2.05
260116,N,3
260119,N,6.75
260137,N,5.075
260138,Y,7.375
260141,N,6.725
260142,N,5
260147,N,7
260160,N,5
260162,Y,10
260163,N,7
260175,N,5
260176,N,5.7
260177,N,5.35
260179,N,4.8
260180,N,6.75
260183,N,6.375
260186,N,3.325
260190,Y,7.9
260191,N,4.725
260193,N,6.725
260195,N,1
260200,Y,8.25
260207,Y,8
260209,N,6
260210,N,6.65
260214,N,3
260216,N,6.975
260219,Y,10
260227,N,7
260228,Y,8.25
270003,N,5.05
270004,N,4.9
270012,Y,7.575
270014,Y,8.65
270017,N,6.05
270023,N,2.4
270032,Y,9
270049,Y,7.3
270051,N,5.275
270057,N,5.725
270074,N,6
270086,N,2
270087,N,4
280003,N,6.325
280009,N,4
280013,Y,8
280020,N,6.05
280023,N,6.75
280030,Y,7.35
280032,Y,8
280040,N,6.425
280060,N,4.9
280061,N,3.1
280065,Y,8.95
280077,N,7
280081,N,5.875
280105,N,5
280111,N,3
280119,Y,8.95
280125,Y,9.65
280127,N,3
280128,N,1
280129,N,4
280130,N,4.625
280131,N,5
280132,N,2.05
280133,N,7
290001,Y,7.025
290002,N,7
290003,N,5.725
290005,Y,7.925
290006,N,2
290007,Y,9.35
290008,N,2
290009,N,6.325
290012,N,4.675
290019,N,4.425
290020,Y,8.95
290021,Y,7.35
290022,N,1.975
290032,Y,9
290039,Y,7.975
290041,N,3.675
290042,Y,8.95
290045,N,6.375
290046,N,6.675
290047,Y,8.65
290049,N,6.25
290051,N,6
290053,N,2.35
290054,N,4.425
300001,N,4.925
300003,N,6.75
300005,N,1.7
300011,N,4.15
300012,Y,7.35
300014,N,7
300017,N,5
300018,N,3.025
300019,N,6.7
300020,N,5.025
300023,N,3.275
300029,N,3.95
300034,Y,8.975
310001,Y,7.375
310002,Y,8.05
310003,N,6.7
310005,N,4.325
310006,Y,8.65
310008,N,6.7
310009,N,5.575
310010,N,5.075
310011,N,2.75
310012,N,6.55
310014,N,6.4
310015,N,3.7
310016,N,4.75
310017,N,6.425
310019,N,5.325
310021,N,5.775
310022,N,2.95
310024,N,1
310025,N,5.875
310027,N,6.625
310028,N,2.625
310029,N,4.6
310031,N,2.95
310032,Y,7.4
310034,N,5.975
310038,Y,9.025
310039,Y,7.975
310040,Y,7.95
310041,N,3.95
310044,Y,9.675
310045,N,3.275
310047,N,6.575
310048,Y,7.05
310050,N,3.275
310051,Y,9.025
310052,Y,9.3
310054,N,6.225
310057,N,1.675
310058,Y,7.6
310060,N,6.725
310061,N,5.675
310064,N,5.575
310069,N,4
310070,Y,7.7
310073,N,4.65
310074,N,3.3
310075,Y,7.65
310076,N,5.45
310081,N,4.575
310083,N,1.65
310084,N,5.325
310086,N,4.35
310091,N,6.9
310092,N,6.35
310096,N,6.575
310108,Y,8.05
310110,Y,8.375
310111,Y,8.675
310112,N,4.575
310113,Y,7.35
310115,N,4.15
310118,Y,7.35
310119,Y,9.35
310130,Y,10
320001,Y,7.675
320002,N,1.35
320003,N,4
320004,N,4.3
320005,N,6.625
320006,Y,7.6
320009,N,5.675
320011,N,4
320013,Y,10
320016,Y,10
320017,N,1.7
320018,N,6.725
320021,Y,7.025
320022,N,2.75
320030,Y,8
320033,Y,10
320038,N,2
320057,N,7
320058,N,7
320059,Y,8
320060,N,6
320061,N,1.35
320062,N,7
320063,N,1.35
320065,N,1.35
320067,N,7
320070,N,7
320074,N,5
320084,Y,8
320085,N,4.275
320086,N,3
320089,N,6
330003,N,4.3
330004,N,1.35
330005,Y,8.35
330006,Y,7.9
330008,Y,8
330009,N,5.375
330011,N,3.8
330013,N,6.675
330014,N,6.9
330019,N,3.6
330023,N,5.275
330024,N,5.4
330027,N,3.95
330028,N,5.75
330030,N,3.675
330033,Y,8
330043,Y,7.025
330044,Y,7.675
330045,N,6.225
330046,Y,8.375
330047,N,1
330049,N,2
330053,Y,8
330055,N,4.625
330056,Y,8.675
330057,N,3.95
330058,N,4.75
330059,Y,7.4
330061,N,5.925
330065,N,3.625
330067,N,3.325
330073,N,5.3
330074,N,6
330078,N,4.9
330079,Y,7.4
330080,N,4.575
330084,Y,8
330085,N,5.05
330086,Y,10
330088,N,5
330090,N,3.275
330094,Y,7.4
330096,Y,8
330100,N,5
330101,N,6.95
330102,Y,7.375
330103,N,5.65
330104,N,6.225
330106,Y,8.375
330107,N,3.45
330108,N,1.35
330111,N,6
330115,N,2.05
330119,Y,9.025
330125,N,5.425
330126,N,4.95
330127,Y,7.725
330128,N,6.575
330132,N,5
330135,N,1
330136,N,5.625
330140,N,5.05
330141,N,4.25
330144,N,5
330151,Y,9
330153,Y,8.325
330157,N,4.325
330158,N,6.025
330160,Y,7.075
330162,Y,8.325
330163,N,3.925
330164,Y,8.275
330166,N,7
330167,N,5.375
330169,N,4.375
330175,N,6.4
330180,N,5.9
330181,N,6.95
330182,N,6.3
330184,Y,7.625
330185,N,5.875
330188,Y,9
330191,N,5.9
330193,N,6.225
330194,N,6.4
330195,N,6.675
330196,Y,7.925
330197,N,3
330198,N,4.95
330199,N,4.675
330201,N,6.875
330202,Y,9.025
330203,Y,9.325
330204,N,5.375
330205,N,3.45
330208,N,6.2
330211,N,2
330213,Y,8
330214,N,6.375
330215,N,5.025
330218,N,1.7
330219,N,5.25
330221,Y,8.05
330222,Y,7.075
330223,Y,10
330224,N,4
330226,N,5.275
330229,N,7
330231,N,6.925
330232,N,4.025
330233,Y,9.65
330234,N,6.725
330235,N,2
330236,N,7
330238,N,2
330239,N,6.525
330240,N,3.375
330241,Y,7.4
330245,Y,7.075
330246,N,5.625
330249,N,2
330250,Y,7.7
330259,N,4.7
330261,N,5.05
330263,Y,8
330264,N,5.225
330265,N,5
330267,N,3.1
330268,N,5
330270,N,1
330273,N,3.8
330276,N,3.45
330277,N,2
330279,N,6
330285,Y,7.375
330286,N,5.625
330304,N,4.7
330306,N,6.05
330307,N,6.025
330331,Y,7.675
330332,Y,7.225
330340,N,4.75
330350,Y,7.075
330353,N,4.575
330372,N,6.6
330385,Y,7.25
330386,N,3.8
330387,Y,10
330393,Y,8.7
330394,N,3.725
330395,Y,8.05
330396,N,4.625
330397,N,3.325
330399,N,6.375
330401,N,5.3
330403,N,7
330404,N,6
330405,N,6
330406,N,6
330408,Y,10
330409,Y,8.95
340001,Y,7.575
340002,N,3.6
340003,N,1
340004,N,4.275
340008,N,1.35
340010,N,5.55
340011,N,5
340013,Y,8.6
340014,N,6.025
340015,N,3.975
340016,N,2.4
340017,N,2.75
340020,N,3.8
340021,Y,7.35
340023,N,1
340024,N,5
340027,N,6.4
340028,Y,8.975
340030,N,7
340032,N,6.05
340036,Y,8
340037,N,1.35
340039,N,3.375
340040,Y,9.35
340041,N,4.75
340042,N,1.65
340047,N,5.425
340049,N,4
340050,Y,9.325
340051,N,3.375
340053,N,6.425
340060,N,2.4
340061,Y,7.375
340064,N,4.7
340068,N,1.35
340069,Y,8.025
340070,Y,8.625
340071,N,2.4
340073,N,3.275
340075,N,5.575
340084,N,5
340085,N,6.4
340087,N,5.35
340090,N,2
340091,N,2.975
340096,N,2.75
340097,N,3
340098,N,6.975
340099,Y,7.9
340106,N,6
340107,N,5.375
340109,Y,9
340113,N,4.9
340114,N,2.975
340115,N,6.1
340116,N,3.925
340119,N,1.7
340120,N,3
340123,N,1.975
340126,N,3.6
340127,N,4
340129,N,3.325
340130,N,4.25
340131,N,4.575
340132,N,3.8
340133,N,2.4
340141,N,5.1
340142,Y,8.625
340143,N,7
340144,N,4.6
340145,N,5.875
340147,Y,7.725
340148,N,3
340151,N,3.1
340153,N,1
340155,N,4.6
340156,N,7
340158,N,7
340159,N,7
340160,N,7
340166,N,5.9
340168,Y,8.95
340171,N,3.6
340173,N,6.95
340183,N,3.975
340184,Y,8
340186,N,2
350002,N,6.375
350006,N,6.725
350011,N,4.625
350015,N,3.625
350019,N,5.125
350063,N,7
350070,Y,9
360001,N,3.925
360002,N,5
360003,Y,8.05
360006,N,4.3
360008,N,2.325
360009,N,2.4
360010,N,6.2
360011,N,2.3
360012,Y,8.025
360013,N,7
360014,N,6
360016,N,6.225
360017,N,6.35
360019,Y,7.7
360020,N,6.1
360025,N,4.25
360026,N,2.05
360027,Y,7.05
360029,N,6
360032,N,4
360035,N,5.7
360036,N,2
360037,Y,7.6
360039,N,5.225
360040,N,3
360041,N,5.675
360044,N,3
360046,Y,8
360048,Y,7.725
360051,Y,7.075
360052,Y,8.375
360054,N,3.1
360055,Y,8.35
360056,N,3.275
360058,N,3
360059,Y,8.7
360064,N,5.125
360065,N,6.2
360066,N,3.65
360068,N,5.3
360070,N,5.625
360071,Y,8
360072,N,4.725
360074,N,5.75
360075,N,5.7
360076,N,1
360077,N,3.6
360078,N,6.65
360079,N,6.675
360080,N,3.8
360081,Y,7.6
360082,Y,7.7
360084,N,3.925
360085,Y,7.05
360086,N,3.95
360087,N,4
360089,N,3
360090,N,3.775
360091,N,4.625
360092,N,3
360095,N,2
360096,N,1.7
360098,N,5.6
360107,N,6
360109,Y,9
360112,Y,8.35
360116,N,5
360118,N,2.7
360121,N,7
360123,N,1.35
360125,N,2.05
360131,N,3
360132,N,2.35
360133,N,5.1
360134,N,5.025
360137,N,5.35
360141,N,4.35
360143,Y,7.725
360144,N,4.975
360145,N,2.3
360147,N,3.275
360148,N,7
360150,N,5.575
360151,N,5.3
360152,N,4.1
360153,N,6
360155,N,3.975
360156,N,7
360159,Y,8.675
360161,N,3.725
360163,N,5.45
360170,N,2.4
360172,N,2.95
360174,N,3.95
360175,N,2.75
360179,N,2.975
360180,Y,8.7
360185,N,3.7
360189,N,4
360192,N,4.675
360195,Y,8
360197,Y,8.35
360203,N,4.425
360210,N,1
360211,N,6.025
360212,N,3.325
360218,N,1
360230,N,5.375
360234,N,6.55
360236,N,5.6
360239,N,5.975
360245,N,7
360247,Y,8.95
360259,N,2.05
360261,N,6
360262,N,6.85
360263,N,4
360266,N,2
360270,N,4
360274,N,4
360276,N,6.75
360348,N,2
360351,N,2
360352,N,4
360354,N,4.3
360355,N,4
360358,N,7
360359,Y,7.35
360360,N,6.7
360361,Y,10
370001,N,4.725
370002,Y,9
370004,N,4
370006,N,4.35
370007,Y,8
370008,N,6.9
370011,N,6
370013,N,6.275
370014,N,1
370015,N,4
370016,N,5.05
370018,N,2.95
370019,N,2.4
370020,N,3.95
370022,Y,8
370023,N,4.65
370025,N,1.35
370026,N,1.975
370028,N,2.625
370029,N,4
370030,Y,9
370032,N,1
370034,N,2.05
370036,N,6
370037,Y,7.65
370039,N,1.35
370040,Y,8
370041,N,7
370047,Y,7.05
370048,N,5
370049,N,5
370051,N,6
370054,Y,9
370056,N,2.95
370057,N,7
370065,N,7
370072,N,6
370078,N,4.675
370080,N,6
370083,N,6
370089,N,2.65
370091,N,6.4
370093,Y,7.075
370094,N,3.675
370097,N,6.4
370099,Y,8
370100,N,3
370103,N,6
370106,N,2.625
370112,N,6
370113,N,1.7
370114,N,6.3
370138,N,6
370139,N,6
370149,N,5.1
370153,N,4
370156,N,7
370158,N,5
370166,N,4
370169,N,7
370170,N,7
370171,Y,9
370172,N,6
370173,N,6
370178,N,4
370180,Y,10
370183,N,6
370190,N,5.95
370192,N,5
370199,N,6
370201,N,5
370202,Y,10
370203,N,5
370206,N,3
370210,N,1
370211,N,4.3
370212,N,4
370214,Y,8.95
370215,N,4.6
370216,N,1
370218,N,1
370220,N,6
370222,N,1
370225,Y,10
370227,N,4
370228,N,7
370229,N,5
370233,N,7
370234,N,2.35
370235,N,1
370236,N,5
380001,Y,8
380002,N,4.6
380004,Y,7.35
380005,Y,9
380007,Y,7.725
380009,N,6.75
380014,N,3.325
380017,Y,8.7
380018,N,3.925
380020,N,5.425
380021,N,4.15
380022,Y,8.375
380025,Y,8.65
380027,N,2.975
380029,Y,9
380033,N,6
380037,Y,8
380038,N,5
380040,N,1
380047,N,5.9
380050,N,5.775
380051,N,5.65
380052,N,5
380056,Y,8
380060,N,5.4
380061,N,4.425
380071,Y,8
380075,N,6.4
380082,N,3
380089,N,1
380090,N,4.15
380091,N,3.625
380102,N,5.7
390001,N,3.6
390002,N,6.575
390003,N,4
390004,N,5.725
390006,Y,7.725
390008,N,3
390009,Y,10
390012,N,3.95
390013,N,4.6
390016,N,3.6
390019,Y,9
390025,N,7
390026,N,5.675
390027,N,5.725
390028,N,6.025
390030,N,1.7
390031,Y,7.2
390032,N,7
390035,Y,10
390036,Y,8.05
390037,N,4.975
390039,N,2.05
390041,N,3.925
390042,N,4.6
390043,N,2
390044,N,6.7
390045,N,3.6
390046,N,4.6
390048,Y,8.05
390049,Y,7.075
390050,N,5.75
390052,N,1.7
390056,N,7
390057,Y,9.35
390058,N,2.75
390061,N,6.925
390062,Y,9
390063,N,6.375
390065,N,3.8
390066,N,5.45
390067,N,6.075
390068,N,3
390070,Y,7.35
390071,N,5
390072,N,3.6
390073,N,4.575
390076,Y,8.25
390079,N,3.6
390080,N,5.6
390081,N,2.675
390084,N,3
390086,N,1
390090,N,5.7
390091,N,7
390093,Y,8
390096,Y,7.4
390097,N,4.65
390100,N,5.725
390101,Y,9
390102,N,6.4
390104,N,5
390107,Y,7.05
390110,Y,8.375
390111,Y,8.375
390112,N,4
390113,N,6.6
390114,Y,7.075
390115,N,7
390116,N,2.975
390117,N,2
390118,N,6
390119,N,5.075
390122,N,4
390123,N,6.925
390125,N,4
390127,N,6.625
390130,N,5
390132,Y,8.95
390133,Y,8
390137,N,3.925
390138,Y,9
390139,Y,7.375
390142,Y,7.4
390145,N,6.3
390146,N,5
390147,N,5.575
390150,N,3
390151,Y,7.25
390153,N,5.75
390154,N,1.35
390156,N,6
390157,N,2
390160,N,2.4
390162,N,5.45
390163,N,6.725
390164,Y,7.4
390168,Y,8.025
390173,N,3
390174,Y,7.05
390178,N,5.775
390179,N,4.925
390180,N,6.75
390183,N,6
390184,N,4
390185,N,2.95
390192,N,4
390194,N,3
390195,N,5.7
390197,N,6.7
390198,N,5.95
390199,N,3
390201,N,6.575
390203,N,1.65
390204,N,3.95
390211,N,1.65
390217,N,6.9
390219,N,4.275
390220,N,1
390222,Y,8.3
390223,N,5.625
390225,Y,7.05
390226,Y,7.375
390228,N,3.35
390231,N,5.675
390233,N,5.225
390236,N,4
390237,N,5.7
390256,Y,8.05
390258,N,6.2
390263,Y,8.65
390265,N,1.325
390266,Y,8
390267,Y,7.375
390268,N,5.375
390270,N,6.4
390272,N,7
390278,N,6
390290,N,5.775
390302,Y,8.95
390304,N,5.35
390307,N,6
390312,Y,7.25
390314,N,7
390316,N,3
390321,Y,9
390322,N,3
390323,N,5
390324,N,5
390325,N,3
390326,N,6.25
390327,N,7
390328,N,6.675
390329,N,2.975
410001,N,4.775
410004,N,6.3
410005,Y,8.35
410006,N,4.7
410007,Y,8.05
410008,N,2.95
410009,N,6.2
410010,N,4.75
410011,N,5.05
410012,N,6.95
410013,Y,8.65
420002,N,2.95
420004,Y,8.7
420005,N,2
420007,Y,8.325
420009,N,3.8
420010,N,6.025
420011,N,4
420015,N,5.45
420016,N,5
420018,Y,8.025
420019,Y,8
420020,N,5.25
420023,N,5.375
420026,Y,7.2
420027,N,5.225
420030,N,1
420033,N,1.35
420036,N,4.375
420037,N,6
420038,N,5.4
420039,N,2.75
420043,Y,7.6
420048,Y,8.95
420049,N,5
420051,N,4.9
420053,N,1.7
420054,N,7
420055,N,2.05
420057,N,6
420062,Y,9
420065,Y,7.6
420066,N,5
420067,N,6.375
420068,Y,7.2
420069,N,2.4
420070,N,3.625
420071,N,5.975
420072,N,4
420073,N,4.625
420078,N,6.3
420079,N,6.6
420080,N,6.4
420082,Y,8.375
420083,N,4.975
420085,N,4.025
420086,Y,8.35
420087,N,6.2
420089,N,4
420091,N,4.35
420098,N,1
420101,N,4
420102,N,5
420103,N,4
420104,N,3
420105,N,3.1
430005,Y,9
430008,N,6
430012,N,1
430013,Y,8
430014,N,1
430015,N,3
430016,N,3.3
430027,N,6.725
430048,N,6
430077,N,6.05
430081,N,6
430083,N,7
430084,N,7
430089,N,4
430090,N,3
430091,Y,9
430092,N,4
430093,N,4
430094,Y,8
430095,N,1.7
430096,N,5
430097,N,4
440001,N,3
440002,N,4.625
440003,N,4.7
440006,N,3.6
440007,N,5
440008,N,4
440009,N,4.575
440010,N,6
440011,N,2.7
440012,N,3.7
440015,Y,7.725
440016,N,5
440017,Y,7.625
440018,N,1.35
440020,N,6
440025,N,2.4
440029,N,2.75
440030,N,6.25
440031,N,2
440032,N,7
440033,Y,8.95
440034,N,6.275
440035,N,5.65
440039,N,4.3
440040,N,6
440046,N,3.65
440047,N,6
440048,Y,8.05
440049,N,6.375
440050,N,1.35
440051,N,4
440053,N,5.625
440056,N,3
440057,N,6
440058,N,6.85
440059,N,6.975
440060,N,3
440061,N,3
440063,N,5.35
440064,N,3
440065,N,3.325
440067,N,3.45
440068,N,5
440070,N,6
440072,N,1
440073,N,5.55
440081,N,4.575
440082,N,6.275
440083,N,6
440084,N,2.05
440091,N,5.875
440102,N,7
440104,Y,9.35
440109,N,2
440110,N,3
440111,N,5.6
440120,N,6.95
440125,Y,7.225
440130,N,1
440131,N,4
440132,N,6.85
440133,Y,7.7
440137,N,5.4
440141,Y,8
440144,N,2.4
440148,N,4
440150,N,5.6
440151,N,1.7
440152,Y,9.675
440153,N,2.75
440156,Y,7.25
440159,N,4
440161,N,4.6
440168,Y,8
440173,Y,8
440174,N,6
440175,Y,9
440176,N,3.75
440180,N,3
440181,N,6
440182,N,4
440183,N,5.55
440184,N,4.65
440185,N,5.425
440187,Y,8
440189,N,1
440192,N,6
440193,N,4
440194,Y,7.65
440197,Y,8.6
440200,N,6
440218,N,4
440227,Y,8.275
440228,N,3.35
440231,N,7
450002,Y,7.725
450005,N,2
450007,N,5.3
450010,N,3.325
450011,N,4.625
450015,Y,8.675
450018,Y,7.4
450021,Y,8.05
450023,N,2.3
450024,Y,9.675
450028,N,4.975
450029,N,4.925
450032,N,4.15
450033,N,6.975
450034,N,3.275
450035,N,6.1
450037,N,6.275
450039,Y,8.05
450040,N,5.7
450042,N,5.325
450044,Y,7.375
450046,N,6.225
450051,N,4.6
450052,Y,8
450054,Y,8.325
450055,N,4
450056,Y,8.65
450058,N,4.325
450064,N,4.275
450068,N,4.275
450072,N,1
450073,N,6
450078,N,6
450079,N,4.975
450080,N,6
450082,N,2.05
450083,N,5.875
450085,N,5
450087,Y,8
450090,N,4
450092,N,2.05
450097,N,5.95
450099,N,2.4
450101,N,4.775
450102,N,4.25
450104,N,4.65
450107,N,4.05
450108,N,7
450119,N,2.95
450124,Y,8.3
450128,N,3.6
450130,Y,9.65
450132,N,4.025
450133,N,4.375
450135,N,3.925
450137,Y,7.4
450143,N,5
450144,Y,8
450147,N,3.925
450148,Y,7.05
450152,N,3.8
450154,N,1
450155,N,5
450162,N,5
450163,N,4.625
450165,N,2.4
450176,Y,7.3
450177,N,1.7
450178,N,5
450184,N,4.25
450187,N,3
450188,N,5
450192,Y,10
450193,N,5.7
450194,Y,10
450196,N,3.975
450200,N,6
450203,N,1.35
450209,N,5.1
450210,N,6
450211,N,1.7
450213,Y,8.05
450214,N,6
450219,N,2
450221,N,7
450222,N,6.575
450229,N,4.65
450231,N,5.425
450235,N,4
450236,N,1
450237,N,5.6
450241,N,7
450243,N,7
450253,N,6
450270,N,6
450271,N,5.275
450272,N,6
450280,N,6.75
450289,N,6.425
450292,Y,10
450293,N,7
450296,Y,9
450299,Y,7.95
450306,N,7
450324,N,3.725
450330,N,4.65
450340,N,2.75
450346,N,5.55
450347,N,3.1
450348,N,6
450351,Y,10
450352,N,2.75
450358,N,4.6
450369,N,5
450370,N,5
450372,N,4.15
450373,N,7
450379,Y,7.325
450388,N,5.925
450389,N,1
450395,Y,8
450399,N,6
450400,N,5
450403,N,5.725
450411,N,4
450419,N,5
450422,N,3
450424,N,2.625
450431,N,4.925
450446,N,7
450447,N,1.35
450451,N,5
450460,N,6
450462,Y,7.375
450465,Y,8
450469,N,2.95
450475,Y,7.55
450484,N,4.975
450488,N,7
450489,N,5
450497,N,5
450498,N,6
450508,N,5.425
450518,N,4.25
450537,N,4.725
450539,Y,8
450558,N,4.75
450563,Y,8.025
450565,N,3
450571,N,4.9
450573,N,6
450578,N,7
450580,N,2
450584,N,7
450586,N,6
450587,N,1
450591,N,3
450596,N,2.4
450597,N,4
450604,N,1
450605,N,4
450610,N,3.275
450617,N,2.3
450620,N,6
450634,N,2.975
450638,N,6.875
450639,N,2.975
450641,N,6
450643,N,4.575
450644,N,5.3
450647,Y,7.05
450651,Y,7.4
450653,Y,8
450654,N,5
450656,N,3.4
450658,N,6
450659,N,4.35
450661,Y,8.35
450662,N,6.525
450668,N,5.425
450669,N,3.975
450670,Y,7.275
450672,N,5.625
450674,N,5.1
450675,Y,8.275
450677,N,4.25
450678,N,3.325
450684,N,4.6
450686,N,4.975
450688,N,1
450690,N,4
450694,N,5
450697,N,6.25
450698,N,7
450702,N,4.925
450709,Y,7.675
450711,Y,7.65
450713,Y,7.05
450716,Y,8
450718,N,6.875
450723,N,5.625
450730,Y,9.025
450742,N,2.4
450743,N,5.05
450746,N,7
450747,N,2.05
450749,N,6
450754,N,5
450755,Y,9
450766,N,3.3
450770,Y,8.6
450771,N,5.25
450774,N,4
450775,Y,9.65
450779,N,4.6
450780,N,5
450788,N,3.6
450795,N,4
450796,N,5
450797,N,7
450801,N,4.325
450803,Y,7.2
450804,N,2
450808,N,5
450809,N,4.6
450820,N,2.3
450822,N,3.975
450825,N,4
450827,N,3
450828,N,1
450831,N,7
450832,N,4.65
450833,N,6
450834,N,5
450840,N,2.75
450844,N,1.65
450845,Y,9
450847,N,2.625
450848,N,6.225
450851,N,3.325
450853,Y,8
450855,N,5.225
450856,N,3
450860,N,5
450862,N,4.925
450864,N,7
450865,N,6
450867,Y,10
450869,N,5.35
450871,N,2
450872,N,1
450874,N,5
450875,N,2
450876,N,1
450877,N,5
450880,N,2
450883,N,6
450884,N,5
450885,N,6.1
450888,N,7
450889,N,6
450890,Y,7.025
450891,Y,8
450893,N,7
450894,N,4
460001,Y,8.375
460003,Y,10
460004,Y,8.025
460005,Y,7.675
460006,Y,9.35
460007,N,3.1
460009,Y,7.675
460010,Y,7.075
460011,Y,9
460013,N,2
460014,N,7
460015,N,4.3
460017,N,2
460019,N,3
460021,N,5.4
460023,Y,9
460026,N,4
460030,Y,8
460033,N,7
460035,N,7
460039,Y,9
460041,N,5.95
460042,N,6.05
460043,N,7
460044,Y,9
460047,Y,8.7
460049,Y,9
460051,N,3.625
460052,N,3.625
460054,N,6
460057,Y,8
460058,Y,10
470001,N,6.9
470003,N,3.95
470005,N,2.675
470011,N,1
470012,N,4
470024,N,7
490001,N,2.05
490002,N,4
490004,N,4.675
490005,N,3.275
490007,Y,7.05
490009,Y,8.35
490011,Y,8.7
490013,Y,8.25
490017,N,2.65
490018,N,6.275
490019,N,6.4
490020,N,5.725
490021,Y,7.7
490022,N,5.3
490023,N,6.75
490024,Y,8.05
490032,Y,8.05
490033,N,6
490037,N,1.35
490038,N,3
490040,N,2.325
490041,N,5.95
490042,N,1.35
490043,N,1.975
490044,N,2.3
490045,N,6.7
490046,N,3.925
490048,N,3.925
490050,N,4.275
490052,N,5.925
490053,N,4
490057,N,5.35
490059,Y,7.05
490060,N,1.7
490063,Y,7.7
490066,N,3.275
490067,N,2.675
490069,Y,8
490075,Y,7.725
490077,N,1.35
490079,N,5.55
490084,Y,8
490088,N,5
490089,N,6
490090,N,5.3
490092,N,4
490093,N,4.9
490094,N,5
490097,N,2.4
490098,N,4.3
490101,N,2.95
490104,Y,10
490105,N,7
490106,N,7
490107,N,2.7
490109,N,7
490110,N,7
490111,Y,8
490112,N,5.725
490113,N,5.425
490114,N,2.75
490115,N,5
490116,N,6.4
490117,N,6
490118,N,6.7
490119,N,2.975
490120,N,5.3
490122,N,3.6
490123,Y,10
490126,Y,7.65
490127,N,6
490129,Y,10
490130,N,6.05
490134,N,7
490135,Y,8.95
490136,N,5.45
490140,Y,7.7
490141,Y,8
490143,Y,9.3
500001,Y,7.6
500002,N,4
500003,Y,8.025
500005,N,6.7
500007,N,3
500008,N,4.3
500011,N,2.05
500012,Y,7.675
500014,N,5.35
500015,Y,7.075
500016,N,3.375
500019,N,3.8
500021,N,4.15
500024,N,3.95
500025,Y,7.725
500026,N,4.425
500027,Y,7.725
500030,Y,7.675
500031,N,6
500033,Y,9
500036,N,3.7
500037,N,6
500039,N,3.925
500041,N,6.875
500044,Y,9.675
500049,N,7
500050,Y,7.65
500051,N,5.675
500053,Y,7.3
500054,Y,8.35
500058,N,6.75
500060,N,5
500064,Y,7.725
500072,N,3.725
500077,N,6.65
500079,N,6.75
500084,N,4
500088,N,6.1
500108,N,5.75
500119,N,5.075
500124,N,5.65
500129,N,6.425
500139,N,6.725
500141,N,3.05
500148,Y,8
500150,N,6.625
500151,N,6.35
500152,N,6
510001,N,4.475
510002,N,4.95
510006,N,1.975
510007,N,4.65
510008,N,1.35
510012,N,5
510013,N,2.05
510022,N,6.4
510023,N,6.875
510024,N,3.3
510029,Y,7.65
510030,N,2
510031,N,3.925
510038,N,4
510039,Y,9.65
510046,N,3.975
510047,N,1.35
510048,N,3.675
510050,N,2.95
510053,Y,9
510055,Y,7.325
510058,Y,7.375
510062,N,6.725
510070,N,5.775
510071,N,3.325
510072,Y,9
510077,N,2.05
510082,N,7
510085,Y,7.55
510086,N,5
520002,Y,7.25
520004,N,2.05
520008,N,4.075
520009,N,5.6
520011,N,3
520013,N,3.8
520017,N,6
520019,Y,9
520021,N,2
520027,N,2.3
520028,N,6.4
520030,Y,7.975
520033,N,5
520034,N,5
520035,N,5
520037,Y,7.4
520038,N,7
520041,Y,10
520044,N,7
520045,N,4.1
520048,Y,8.275
520049,N,3.625
520051,N,4.775
520057,N,3
520059,N,1
520062,Y,8
520063,N,3.45
520066,N,4.05
520070,Y,7.7
520071,N,7
520075,Y,7.025
520076,N,5
520078,Y,7.3
520083,N,5.35
520087,N,4.025
520088,N,5.35
520089,Y,7.625
520091,N,5.3
520095,N,3
520096,Y,8.35
520097,N,4
520098,Y,8.7
520100,N,3.95
520102,N,3.8
520103,N,5.625
520107,Y,9
520109,Y,9
520113,N,1.35
520116,Y,8
520136,Y,9
520138,N,5.325
520139,N,5.375
520160,Y,8.05
520177,N,5.05
520189,Y,7.7
520193,Y,7.05
520194,N,5
520195,Y,10
520196,N,4
520198,N,6
520202,N,1.35
520204,Y,8.3
520205,Y,9
520206,N,6.35
520207,N,6.725
520208,Y,8
530002,Y,9
530006,N,3
530008,N,6
530010,N,7
530011,Y,10
530012,N,4.3
530014,N,6.075
530015,N,3
530025,Y,8
530032,N,5
530033,Y,10
670002,N,3
670004,Y,8
670005,N,6
670006,N,2
670007,Y,10
670008,N,4
670012,N,1
670018,N,6
670019,N,3.6
670021,N,7
670023,N,5.9
670024,N,4
670025,Y,10
670029,N,4
670031,N,1.35
670034,N,3.975
670041,Y,7.35
670043,N,5
670044,N,3.375
670046,N,4
670047,N,3.45
670049,N,5
670050,N,7
670053,N,5.375
670054,N,5
670055,N,5.55
670056,N,5.35
670058,N,7
670059,Y,9
670060,N,3.275
670061,N,4
670062,N,7
670066,N,4
670067,N,2
670068,N,4.375
670069,N,4
670071,N,3.75
670072,Y,8.95
670073,N,3
670075,N,5.25
670076,N,4
670077,N,4.575
670078,N,7
670079,N,2.75
670080,N,5.65
670082,Y,7.625
670083,N,6
670085,Y,9.3
